model_name,split,profession,P(gb),P(sp)
base_model,validation,soldier,0.5543843036635628,0.567733985316248
base_model,validation,engineer,0.4073226296450765,0.5093200850028284
base_model,validation,social worker,0.2179319022004218,0.4095781059278285
base_model,validation,florist,0.0802324428839389,0.4335337880766019
base_model,validation,lawyer,0.2167369360720519,0.4776426447377376
base_model,validation,journalist,0.1701267192667514,0.4323275305351297
base_model,test,firefighter,0.3602797359096311,0.4605647243143347
base_model,test,mechanic,0.4091571008141139,0.4688089905787766
base_model,test,makeup artist,0.4053899266976206,0.4931740151334773
base_model,test,nurse,0.5193855445489616,0.5422849888324409
base_model,test,artist,0.1444760452997049,0.4110015722553191
base_model,test,doctor,0.294447798624306,0.4428439425058005
mlp_mod_500,validation,soldier,0.0277258764185449,0.3788103575763457
mlp_mod_500,validation,engineer,0.0306077549124465,0.3742627219899612
mlp_mod_500,validation,social worker,0.0084978175513884,0.3813173389610122
mlp_mod_500,validation,florist,0.0136729462948792,0.3790895189980374
mlp_mod_500,validation,lawyer,0.0102216784349259,0.3785985123146982
mlp_mod_500,validation,journalist,0.0097733944216195,0.3721251620308441
mlp_mod_500,test,firefighter,0.0152661420733613,0.384566591340391
mlp_mod_500,test,mechanic,0.0462848716141546,0.3885696145760662
mlp_mod_500,test,makeup artist,0.0232800118186894,0.379259982091539
mlp_mod_500,test,nurse,0.0393734202336739,0.3996119294863413
mlp_mod_500,test,artist,0.010881797520115,0.3730895860558924
mlp_mod_500,test,doctor,0.0216067531967864,0.39791583872455
mlp_mod_1000,validation,soldier,0.075415398377706,0.4173394122763592
mlp_mod_1000,validation,engineer,0.0503627238247324,0.427546499954427
mlp_mod_1000,validation,social worker,0.0280362770837896,0.4245933193494292
mlp_mod_1000,validation,florist,0.0246897121781811,0.4232514681404127
mlp_mod_1000,validation,lawyer,0.0281510893803309,0.4321333051056546
mlp_mod_1000,validation,journalist,0.0104358058751505,0.4281364820130607
mlp_mod_1000,test,firefighter,0.0389757104327573,0.4195620247217662
mlp_mod_1000,test,mechanic,0.0802835184971199,0.4260336427456316
mlp_mod_1000,test,makeup artist,0.0107198652318295,0.4001612666556063
mlp_mod_1000,test,nurse,0.0342296580510104,0.4379721353487933
mlp_mod_1000,test,artist,0.0120381618685582,0.415799705640358
mlp_mod_1000,test,doctor,0.0379117091241128,0.4262132764629581
mlp_mod_1500,validation,soldier,0.011342536931967,0.343623444383197
mlp_mod_1500,validation,engineer,0.011265325551743,0.3383660473970367
mlp_mod_1500,validation,social worker,0.0175110886202139,0.3469989976900465
mlp_mod_1500,validation,florist,0.0116497205351205,0.3507369351847207
mlp_mod_1500,validation,lawyer,0.015522014349699,0.3428094597423778
mlp_mod_1500,validation,journalist,0.0246815749389283,0.3414135522702161
mlp_mod_1500,test,firefighter,0.0076948864495053,0.3501227721571922
mlp_mod_1500,test,mechanic,0.0123533888665192,0.3502054975422866
mlp_mod_1500,test,makeup artist,0.0169774075312649,0.3513241657329833
mlp_mod_1500,test,nurse,0.0428728311158278,0.359310630161096
mlp_mod_1500,test,artist,0.0260207258603152,0.345931151881814
mlp_mod_1500,test,doctor,0.0074776701957863,0.3657106240553891
mlp_mod_2000,validation,soldier,0.0146127203479409,0.4042159337002565
mlp_mod_2000,validation,engineer,0.0103639469701139,0.3895254018168677
mlp_mod_2000,validation,social worker,0.0235157912487492,0.4087760513100554
mlp_mod_2000,validation,florist,0.0178950583452687,0.4025629643789109
mlp_mod_2000,validation,lawyer,0.0121956429827739,0.3984550618402221
mlp_mod_2000,validation,journalist,0.0292965049910194,0.4117501407642575
mlp_mod_2000,test,firefighter,0.0089880140936549,0.4017651077798184
mlp_mod_2000,test,mechanic,0.024324948022909,0.393297813120572
mlp_mod_2000,test,makeup artist,0.0255341098698623,0.4012169902048567
mlp_mod_2000,test,nurse,0.0389529819709851,0.4068420620580368
mlp_mod_2000,test,artist,0.0249963437261826,0.4050752921029925
mlp_mod_2000,test,doctor,0.0091738578151254,0.4053152343806098
mlp_mod_2500,validation,soldier,0.0130010361180585,0.3617507999434191
mlp_mod_2500,validation,engineer,0.0123633152312215,0.3587881341467009
mlp_mod_2500,validation,social worker,0.0240885265828932,0.3661837478113525
mlp_mod_2500,validation,florist,0.0193948890356456,0.3731920118717586
mlp_mod_2500,validation,lawyer,0.0191348836045054,0.3577553535647252
mlp_mod_2500,validation,journalist,0.032095087089521,0.3619132178342518
mlp_mod_2500,test,firefighter,0.0103673378334325,0.371440593372373
mlp_mod_2500,test,mechanic,0.0149173327886006,0.3579783076968263
mlp_mod_2500,test,makeup artist,0.0251449863700305,0.3721600328298176
mlp_mod_2500,test,nurse,0.0478299644720904,0.370879891602432
mlp_mod_2500,test,artist,0.0236322607516365,0.3581686949576525
mlp_mod_2500,test,doctor,0.0112751363502705,0.375446265179883
mlp_mod_3000,validation,soldier,0.0165958969908602,0.3521808071390671
mlp_mod_3000,validation,engineer,0.0084833393749945,0.346325166961726
mlp_mod_3000,validation,social worker,0.0126387864241705,0.3533249012578059
mlp_mod_3000,validation,florist,0.0077146586468991,0.3527934092151768
mlp_mod_3000,validation,lawyer,0.008676883928916,0.3482724707573652
mlp_mod_3000,validation,journalist,0.0130065725020626,0.3541206081452615
mlp_mod_3000,test,firefighter,0.0068777445977663,0.3605051988681011
mlp_mod_3000,test,mechanic,0.0154156790607992,0.3569227178197573
mlp_mod_3000,test,makeup artist,0.0151473722037147,0.3619322231148972
mlp_mod_3000,test,nurse,0.030175783260561,0.3542798745774609
mlp_mod_3000,test,artist,0.0129692008280578,0.3540406744817601
mlp_mod_3000,test,doctor,0.0080386498833403,0.369576804120751
mlp_mod_3500,validation,soldier,0.0201874920988784,0.3609445283518118
mlp_mod_3500,validation,engineer,0.0105727329192792,0.3588894504834624
mlp_mod_3500,validation,social worker,0.0137221741983119,0.3638345900484744
mlp_mod_3500,validation,florist,0.00970594080932,0.3644811066196245
mlp_mod_3500,validation,lawyer,0.0091181653277838,0.3602145810008925
mlp_mod_3500,validation,journalist,0.017085581250927,0.3688271593521623
mlp_mod_3500,test,firefighter,0.0109163413152975,0.3748590041171102
mlp_mod_3500,test,mechanic,0.0208912572878248,0.3687157686799764
mlp_mod_3500,test,makeup artist,0.0176216061500942,0.3761308771722457
mlp_mod_3500,test,nurse,0.0420109663049087,0.3644454352667226
mlp_mod_3500,test,artist,0.0155548715744824,0.3639372986577013
mlp_mod_3500,test,doctor,0.0108663735034711,0.379833366119248
mlp_mod_4000,validation,soldier,0.0130502623231971,0.3785481538404436
mlp_mod_4000,validation,engineer,0.0076518141500213,0.3741065233617144
mlp_mod_4000,validation,social worker,0.0176498230327578,0.3762594189713983
mlp_mod_4000,validation,florist,0.0106686142218463,0.3810094431700075
mlp_mod_4000,validation,lawyer,0.0116802916369017,0.3701944255872684
mlp_mod_4000,validation,journalist,0.0170897392775206,0.38611967856174
mlp_mod_4000,test,firefighter,0.0074870922767064,0.3899377081543207
mlp_mod_4000,test,mechanic,0.0121721112552811,0.3840705189196502
mlp_mod_4000,test,makeup artist,0.0191409118911799,0.389945196097388
mlp_mod_4000,test,nurse,0.0388088213170276,0.376879691858502
mlp_mod_4000,test,artist,0.0157153818975476,0.379191938568564
mlp_mod_4000,test,doctor,0.0085585028590524,0.3917083226363448
mlp_mod_4500,validation,soldier,0.0114655808052595,0.3512717375860494
mlp_mod_4500,validation,engineer,0.0105348630972644,0.3547782646492123
mlp_mod_4500,validation,social worker,0.0190062007921583,0.3588121958515223
mlp_mod_4500,validation,florist,0.0109178370193523,0.3620142234379754
mlp_mod_4500,validation,lawyer,0.0147735334056265,0.3462842207621125
mlp_mod_4500,validation,journalist,0.0198184346561046,0.3658148283138871
mlp_mod_4500,test,firefighter,0.0069454874952926,0.3767523597378064
mlp_mod_4500,test,mechanic,0.0114908334525192,0.3692027190152336
mlp_mod_4500,test,makeup artist,0.0188961002756567,0.3748764934785226
mlp_mod_4500,test,nurse,0.0373057438718045,0.3592787921319113
mlp_mod_4500,test,artist,0.0165128647623693,0.3529196474701166
mlp_mod_4500,test,doctor,0.0098923116045839,0.374807014623109
mlp_mod_5000,validation,soldier,0.0174396196928094,0.3505577417638372
mlp_mod_5000,validation,engineer,0.0094681102234651,0.3507820973172784
mlp_mod_5000,validation,social worker,0.0124336610383847,0.3587774283745709
mlp_mod_5000,validation,florist,0.0080911070108413,0.357768660520806
mlp_mod_5000,validation,lawyer,0.0099367022185641,0.3449662326122908
mlp_mod_5000,validation,journalist,0.0122968255377867,0.3570132264319588
mlp_mod_5000,test,firefighter,0.010720998103566,0.3711118077421013
mlp_mod_5000,test,mechanic,0.015852143001907,0.3660921583719113
mlp_mod_5000,test,makeup artist,0.0134680103510618,0.3761638318571974
mlp_mod_5000,test,nurse,0.0300150080857908,0.3581134371240349
mlp_mod_5000,test,artist,0.0144111458212137,0.3513609176392064
mlp_mod_5000,test,doctor,0.0107060891083058,0.3730426089947714
mlp_mod_5500,validation,soldier,0.0141867497826323,0.3475106373867568
mlp_mod_5500,validation,engineer,0.0096075799973572,0.3433956876397133
mlp_mod_5500,validation,social worker,0.0166048599297509,0.352070908226511
mlp_mod_5500,validation,florist,0.0111059619880774,0.3589951261220609
mlp_mod_5500,validation,lawyer,0.0129977020380251,0.3427048209945069
mlp_mod_5500,validation,journalist,0.017134226146428,0.365255017655299
mlp_mod_5500,test,firefighter,0.0097796829855617,0.3671529071186395
mlp_mod_5500,test,mechanic,0.0133231563822311,0.361689277102842
mlp_mod_5500,test,makeup artist,0.0192375752855749,0.3726858347654342
mlp_mod_5500,test,nurse,0.0402452481143614,0.350563265821513
mlp_mod_5500,test,artist,0.0178053746109499,0.3530233536353883
mlp_mod_5500,test,doctor,0.0105957639787126,0.3635723120806848
mlp_mod_6000,validation,soldier,0.0178920599248479,0.3441597099470742
mlp_mod_6000,validation,engineer,0.0101344218368039,0.3424390877651818
mlp_mod_6000,validation,social worker,0.0096691448022337,0.3467244670233306
mlp_mod_6000,validation,florist,0.0084705102969618,0.3523185899590744
mlp_mod_6000,validation,lawyer,0.0079526110168765,0.3415787865352981
mlp_mod_6000,validation,journalist,0.0095183317385175,0.3626313546453328
mlp_mod_6000,test,firefighter,0.0124285011826192,0.3630398064851761
mlp_mod_6000,test,mechanic,0.0176103727563339,0.360503663911539
mlp_mod_6000,test,makeup artist,0.0103317609823801,0.3624617611879812
mlp_mod_6000,test,nurse,0.0364255139275508,0.3539813234306433
mlp_mod_6000,test,artist,0.0110071771504247,0.3470105239573647
mlp_mod_6000,test,doctor,0.0123995694824877,0.3720055510673453
mlp_mod_6500,validation,soldier,0.0153426926802186,0.358581468462944
mlp_mod_6500,validation,engineer,0.0098194981213001,0.3538481208002743
mlp_mod_6500,validation,social worker,0.0118091172155211,0.359024171005277
mlp_mod_6500,validation,florist,0.0091273397864664,0.3560169916599989
mlp_mod_6500,validation,lawyer,0.0085937943966949,0.3508066647850415
mlp_mod_6500,validation,journalist,0.0114291073644862,0.3712529678116826
mlp_mod_6500,test,firefighter,0.0097596144084544,0.3738823878743192
mlp_mod_6500,test,mechanic,0.0150132927605334,0.3664868720533216
mlp_mod_6500,test,makeup artist,0.0147590224138077,0.3747641780578038
mlp_mod_6500,test,nurse,0.0361600872129201,0.3592428171678501
mlp_mod_6500,test,artist,0.0120488023933242,0.3564448387307279
mlp_mod_6500,test,doctor,0.0121759878581061,0.3748439165818341
mlp_mod_7000,validation,soldier,0.0130271048230283,0.3519495350911337
mlp_mod_7000,validation,engineer,0.0086084069026743,0.3471654179670355
mlp_mod_7000,validation,social worker,0.0119629147298195,0.349932427134584
mlp_mod_7000,validation,florist,0.0078258215285399,0.3502588251276928
mlp_mod_7000,validation,lawyer,0.009435848935562,0.3415843740324764
mlp_mod_7000,validation,journalist,0.0132333269233212,0.365900274256573
mlp_mod_7000,test,firefighter,0.0094077915281933,0.366000848931863
mlp_mod_7000,test,mechanic,0.0130635400247924,0.3593763390227276
mlp_mod_7000,test,makeup artist,0.0144146858331035,0.3661967984893742
mlp_mod_7000,test,nurse,0.033544204526526,0.349748657851973
mlp_mod_7000,test,artist,0.0130925243172575,0.348318190259092
mlp_mod_7000,test,doctor,0.0099530413965968,0.3653023248428808
mlp_mod_7500,validation,soldier,0.0126425925203982,0.3486348713802941
mlp_mod_7500,validation,engineer,0.011375360081301,0.3445018787375268
mlp_mod_7500,validation,social worker,0.0172720391522435,0.3443446744452504
mlp_mod_7500,validation,florist,0.0110188641530625,0.3480738307185033
mlp_mod_7500,validation,lawyer,0.0141969711574561,0.3426831337787649
mlp_mod_7500,validation,journalist,0.0185390851624748,0.3627664016778855
mlp_mod_7500,test,firefighter,0.0092708988882162,0.3623752120663138
mlp_mod_7500,test,mechanic,0.0124465322450679,0.3587222659193417
mlp_mod_7500,test,makeup artist,0.0213510855374967,0.3683382565265192
mlp_mod_7500,test,nurse,0.0397008189602809,0.3510804043754059
mlp_mod_7500,test,artist,0.0194448065012693,0.3508287628783899
mlp_mod_7500,test,doctor,0.0104949255199993,0.3653782658717212
mlp_mod_8000,validation,soldier,0.0132771740284036,0.3620816976489389
mlp_mod_8000,validation,engineer,0.0117550610071595,0.3578008360174649
mlp_mod_8000,validation,social worker,0.017475863918662,0.3561343567117172
mlp_mod_8000,validation,florist,0.0116931555025717,0.3611794090008034
mlp_mod_8000,validation,lawyer,0.0149864321026731,0.3529453857199234
mlp_mod_8000,validation,journalist,0.0167261119384099,0.3765545873628819
mlp_mod_8000,test,firefighter,0.0102878124179208,0.3787729866145288
mlp_mod_8000,test,mechanic,0.0131428965969997,0.3687327599481624
mlp_mod_8000,test,makeup artist,0.0232743145350147,0.3788854383370456
mlp_mod_8000,test,nurse,0.0401549094959216,0.3616866610725136
mlp_mod_8000,test,artist,0.0187319188981371,0.3614323460770881
mlp_mod_8000,test,doctor,0.0112682619296452,0.3757065881920211
mlp_mod_8500,validation,soldier,0.0164194013923406,0.3560910298324683
mlp_mod_8500,validation,engineer,0.010120392886593,0.3533921527183231
mlp_mod_8500,validation,social worker,0.0098244123818243,0.3559745803256245
mlp_mod_8500,validation,florist,0.0098622778759283,0.3582702741465148
mlp_mod_8500,validation,lawyer,0.0089793613399652,0.3466290286468232
mlp_mod_8500,validation,journalist,0.0096824036582427,0.3723616274621557
mlp_mod_8500,test,firefighter,0.0132097753093523,0.3753654284074026
mlp_mod_8500,test,mechanic,0.0148466494591797,0.3659338753889589
mlp_mod_8500,test,makeup artist,0.0127472208045861,0.3750274975729339
mlp_mod_8500,test,nurse,0.0349290174815584,0.3572107243406422
mlp_mod_8500,test,artist,0.0127324891988845,0.3584322333883713
mlp_mod_8500,test,doctor,0.0137066775385071,0.3729138762197074
mlp_mod_9000,validation,soldier,0.0123182158259784,0.3413144569186603
mlp_mod_9000,validation,engineer,0.0110519176677745,0.3376712884534807
mlp_mod_9000,validation,social worker,0.0135626276845441,0.3386988077750977
mlp_mod_9000,validation,florist,0.0095863967914791,0.3405746185385129
mlp_mod_9000,validation,lawyer,0.013215768534471,0.329752704128623
mlp_mod_9000,validation,journalist,0.0149133724763112,0.3601961278301828
mlp_mod_9000,test,firefighter,0.0095841076005907,0.3595555573701858
mlp_mod_9000,test,mechanic,0.0118743707151973,0.3482873823274584
mlp_mod_9000,test,makeup artist,0.0190311316400766,0.3615225054981077
mlp_mod_9000,test,nurse,0.0355181512148941,0.3401014487094739
mlp_mod_9000,test,artist,0.0174957973992123,0.3458553416764034
mlp_mod_9000,test,doctor,0.0098719250629929,0.356415725148776
mlp_mod_9500,validation,soldier,0.0135061915087349,0.3459190571790232
mlp_mod_9500,validation,engineer,0.0099743727923316,0.3439259016886353
mlp_mod_9500,validation,social worker,0.010943672784111,0.3456483602742938
mlp_mod_9500,validation,florist,0.0086777142303831,0.3501428269288119
mlp_mod_9500,validation,lawyer,0.0111520313383901,0.3349208562251399
mlp_mod_9500,validation,journalist,0.0125704656957703,0.3642517659703598
mlp_mod_9500,test,firefighter,0.0096301355344407,0.3646153818596812
mlp_mod_9500,test,mechanic,0.0121804471401607,0.355666453785756
mlp_mod_9500,test,makeup artist,0.0171617853510029,0.3677069357431987
mlp_mod_9500,test,nurse,0.0322972686194321,0.344566049054265
mlp_mod_9500,test,artist,0.0156130459817016,0.3519565066432251
mlp_mod_9500,test,doctor,0.010476840988678,0.3610090841265285
mlp_mod_10000,validation,soldier,0.0131753129775033,0.3508566827239359
mlp_mod_10000,validation,engineer,0.0103039200801183,0.3510230260846369
mlp_mod_10000,validation,social worker,0.0115253617439199,0.3513390041668625
mlp_mod_10000,validation,florist,0.009029685793554,0.3554131603416274
mlp_mod_10000,validation,lawyer,0.011517499190043,0.3413935659781975
mlp_mod_10000,validation,journalist,0.0121467042276087,0.3714260863249792
mlp_mod_10000,test,firefighter,0.009595068062053,0.3703812141628826
mlp_mod_10000,test,mechanic,0.011866652242401,0.3606230367851608
mlp_mod_10000,test,makeup artist,0.0189972077222431,0.3726586416801986
mlp_mod_10000,test,nurse,0.0351096851860775,0.35134283124524
mlp_mod_10000,test,artist,0.0158749222207595,0.3573757637401714
mlp_mod_10000,test,doctor,0.0105164162814617,0.3680703050511725
mlp_mod_10500,validation,soldier,0.0127411392681738,0.3489370626561782
mlp_mod_10500,validation,engineer,0.0110216368647182,0.3458123306798584
mlp_mod_10500,validation,social worker,0.0124656025539426,0.3451493772513726
mlp_mod_10500,validation,florist,0.0096796005964279,0.3485456534168299
mlp_mod_10500,validation,lawyer,0.0129508251214728,0.3375889710424578
mlp_mod_10500,validation,journalist,0.013452539603938,0.3649687409291373
mlp_mod_10500,test,firefighter,0.0099500476875725,0.3666987931903671
mlp_mod_10500,test,mechanic,0.012103406164576,0.3568007341202567
mlp_mod_10500,test,makeup artist,0.0203067834543831,0.3693340018610744
mlp_mod_10500,test,nurse,0.0354509360211737,0.3478323157657595
mlp_mod_10500,test,artist,0.0176528315881595,0.3533164988655378
mlp_mod_10500,test,doctor,0.010499533265829,0.3646628293482696
mlp_mod_11000,validation,soldier,0.0127883613766992,0.3475655655869666
mlp_mod_11000,validation,engineer,0.0102361516260048,0.3430136719389873
mlp_mod_11000,validation,social worker,0.0122253409422495,0.3431433313252294
mlp_mod_11000,validation,florist,0.0093831511981347,0.346516630228828
mlp_mod_11000,validation,lawyer,0.0124563630670309,0.3352273693856071
mlp_mod_11000,validation,journalist,0.0134108271449804,0.3635182452990728
mlp_mod_11000,test,firefighter,0.0096246918992084,0.3644516188651323
mlp_mod_11000,test,mechanic,0.0118995689074782,0.3542098266017787
mlp_mod_11000,test,makeup artist,0.0192030792069785,0.3670350791996016
mlp_mod_11000,test,nurse,0.0352913385585827,0.3467620995772235
mlp_mod_11000,test,artist,0.016487814431243,0.351440280511537
mlp_mod_11000,test,doctor,0.010360890889869,0.3626553429400219
mlp_mod_11272,validation,soldier,0.0127608391511089,0.3501212124657981
mlp_mod_11272,validation,engineer,0.0103590869180419,0.3455199247006984
mlp_mod_11272,validation,social worker,0.012429199017146,0.3461132536039633
mlp_mod_11272,validation,florist,0.0094578095218714,0.3496583437218385
mlp_mod_11272,validation,lawyer,0.0125631922855973,0.3378162383485366
mlp_mod_11272,validation,journalist,0.0136818768566145,0.3657220257994006
mlp_mod_11272,test,firefighter,0.0095713874872993,0.3667336104109007
mlp_mod_11272,test,mechanic,0.0118810955215902,0.3568388497566475
mlp_mod_11272,test,makeup artist,0.0195166172788423,0.3695845244561924
mlp_mod_11272,test,nurse,0.035842180799912,0.3490946401348885
mlp_mod_11272,test,artist,0.0167513526976108,0.3538533758152933
mlp_mod_11272,test,doctor,0.010324340313673,0.3646790291018346
att_mod_500,validation,soldier,0.0334321921691298,0.3449302713989335
att_mod_500,validation,engineer,0.0218228406875449,0.3211677868247908
att_mod_500,validation,social worker,0.0196568757733877,0.3535661620690542
att_mod_500,validation,florist,0.019367707098889,0.3316280854153721
att_mod_500,validation,lawyer,0.0165942051612279,0.3464695667738424
att_mod_500,validation,journalist,0.0297711201231269,0.3647722413434702
att_mod_500,test,firefighter,0.029466988874928,0.3374345623340238
att_mod_500,test,mechanic,0.0210876236121882,0.3187769039753167
att_mod_500,test,makeup artist,0.0524049782577683,0.3454292981940157
att_mod_500,test,nurse,0.0642198029741206,0.3592688948299516
att_mod_500,test,artist,0.0294339216369039,0.392419067923637
att_mod_500,test,doctor,0.0252118743956089,0.3779421922038583
att_mod_1000,validation,soldier,0.0258973870590767,0.2772810613900861
att_mod_1000,validation,engineer,0.0155600754215436,0.2728669193080243
att_mod_1000,validation,social worker,0.0127539539380985,0.3294398700270582
att_mod_1000,validation,florist,0.0211639874340856,0.288248872713131
att_mod_1000,validation,lawyer,0.012589797596721,0.2903314834351049
att_mod_1000,validation,journalist,0.0092233787016833,0.2742511677720091
att_mod_1000,test,firefighter,0.0249288749388035,0.2866007163025
att_mod_1000,test,mechanic,0.0088891302071073,0.274973893264199
att_mod_1000,test,makeup artist,0.0076435581945321,0.3267988662290222
att_mod_1000,test,nurse,0.0134973909212824,0.2828194959472646
att_mod_1000,test,artist,0.0148515090455903,0.2826334751375458
att_mod_1000,test,doctor,0.0125656488680225,0.302712699973627
att_mod_1500,validation,soldier,0.0098384364562876,0.2397617334499955
att_mod_1500,validation,engineer,0.0065672071650624,0.2389913001371657
att_mod_1500,validation,social worker,0.0129034998004927,0.253006604993168
att_mod_1500,validation,florist,0.0169684249250327,0.2249996462727294
att_mod_1500,validation,lawyer,0.0077622447382001,0.2363609249758369
att_mod_1500,validation,journalist,0.0049010980326463,0.2219572557574685
att_mod_1500,test,firefighter,0.0055461336639435,0.2211152322535567
att_mod_1500,test,mechanic,0.007975397960228,0.2397763935082099
att_mod_1500,test,makeup artist,0.0424328225062173,0.2689643031095757
att_mod_1500,test,nurse,0.0132813799359342,0.255128823713783
att_mod_1500,test,artist,0.0111117594711044,0.2698136222384432
att_mod_1500,test,doctor,0.0121388433720259,0.2894692411646247
att_mod_2000,validation,soldier,0.0119573386550387,0.2914850521449219
att_mod_2000,validation,engineer,0.0351537865696146,0.3038596626206794
att_mod_2000,validation,social worker,0.0265938591431168,0.2935776620665017
att_mod_2000,validation,florist,0.0101080517668057,0.2750946633408175
att_mod_2000,validation,lawyer,0.020514788927839,0.3197611993836129
att_mod_2000,validation,journalist,0.0215601428028415,0.2860075733898317
att_mod_2000,test,firefighter,0.0192162233459598,0.294033846927478
att_mod_2000,test,mechanic,0.0351345687830711,0.3075661086477339
att_mod_2000,test,makeup artist,0.037005187724443,0.3005655845079352
att_mod_2000,test,nurse,0.0475866403704618,0.3007910712622106
att_mod_2000,test,artist,0.0234224428696667,0.3015931296326658
att_mod_2000,test,doctor,0.0322199967580244,0.3242237378623994
att_mod_2500,validation,soldier,0.0153991875841337,0.2731299510992625
att_mod_2500,validation,engineer,0.0101277366390123,0.2787621353807695
att_mod_2500,validation,social worker,0.0088805796249824,0.2702807108049883
att_mod_2500,validation,florist,0.0103300629074082,0.2642009612172842
att_mod_2500,validation,lawyer,0.0081593859940767,0.2803286827881546
att_mod_2500,validation,journalist,0.0092944232746958,0.2684036997859092
att_mod_2500,test,firefighter,0.0064154994838378,0.2771173944587217
att_mod_2500,test,mechanic,0.0099963806021739,0.2862678776659509
att_mod_2500,test,makeup artist,0.0316593391711221,0.3296926156343782
att_mod_2500,test,nurse,0.0108663043664658,0.2966041148037595
att_mod_2500,test,artist,0.0080929436885258,0.2993198657298789
att_mod_2500,test,doctor,0.0160438762977719,0.310259592390674
att_mod_3000,validation,soldier,0.01707637666122,0.2917749881196548
att_mod_3000,validation,engineer,0.0090860457652631,0.2961364843718269
att_mod_3000,validation,social worker,0.0078251794638002,0.2719573850798256
att_mod_3000,validation,florist,0.0073582394158138,0.2618507600444205
att_mod_3000,validation,lawyer,0.009839129031581,0.2870684666011263
att_mod_3000,validation,journalist,0.0124702590572483,0.2762020812095964
att_mod_3000,test,firefighter,0.0093828612281119,0.2777797638383858
att_mod_3000,test,mechanic,0.009197499082588,0.2844991111744414
att_mod_3000,test,makeup artist,0.0079438168117228,0.3001545204178375
att_mod_3000,test,nurse,0.0133687178878223,0.2956009317627724
att_mod_3000,test,artist,0.0118844429140581,0.3040785402716959
att_mod_3000,test,doctor,0.008924030150999,0.3030248373637305
att_mod_3500,validation,soldier,0.026745817350114,0.3018399348811191
att_mod_3500,validation,engineer,0.0139717530897435,0.3149802398813121
att_mod_3500,validation,social worker,0.006693032953669,0.259697935598738
att_mod_3500,validation,florist,0.0202476875308681,0.2687482564326595
att_mod_3500,validation,lawyer,0.0163987766513053,0.3045158788342686
att_mod_3500,validation,journalist,0.0124184140825972,0.2927353588097235
att_mod_3500,test,firefighter,0.0200942907044116,0.3081416265272042
att_mod_3500,test,mechanic,0.0152576833634692,0.295667559511083
att_mod_3500,test,makeup artist,0.007000241538181,0.3012718487092677
att_mod_3500,test,nurse,0.0164110804086222,0.3174275765743325
att_mod_3500,test,artist,0.0139420033596894,0.3056043987984166
att_mod_3500,test,doctor,0.0179015550324145,0.3065615628352937
att_mod_4000,validation,soldier,0.0204137654098517,0.3089192508007674
att_mod_4000,validation,engineer,0.0127700668047456,0.3265265949508723
att_mod_4000,validation,social worker,0.0128391593256417,0.3098511776941664
att_mod_4000,validation,florist,0.0130920615047216,0.3059384620145839
att_mod_4000,validation,lawyer,0.0131875426125,0.3096551909933195
att_mod_4000,validation,journalist,0.0106408945558702,0.312741342384149
att_mod_4000,test,firefighter,0.0127000545206315,0.3162964356186635
att_mod_4000,test,mechanic,0.0138695333153009,0.3057102978448657
att_mod_4000,test,makeup artist,0.0264923407093567,0.347699112861472
att_mod_4000,test,nurse,0.0150965889367987,0.3458485356805956
att_mod_4000,test,artist,0.0111188594909275,0.3218173918259494
att_mod_4000,test,doctor,0.0125038027215529,0.3321234389372608
att_mod_4500,validation,soldier,0.026595000835026,0.3140100264812217
att_mod_4500,validation,engineer,0.0154236098203588,0.3333980904563385
att_mod_4500,validation,social worker,0.0063840477343867,0.292343516341027
att_mod_4500,validation,florist,0.0283752244842403,0.2917011885301155
att_mod_4500,validation,lawyer,0.0136381880763699,0.3225311100044671
att_mod_4500,validation,journalist,0.0120433870264712,0.3247805876547799
att_mod_4500,test,firefighter,0.0198356275830198,0.3156556432299754
att_mod_4500,test,mechanic,0.0106652360957335,0.3057019284871571
att_mod_4500,test,makeup artist,0.0080109900411437,0.3307532648391583
att_mod_4500,test,nurse,0.0163931038011522,0.3487827703356743
att_mod_4500,test,artist,0.0098005346953868,0.3228701543720329
att_mod_4500,test,doctor,0.0219451374209979,0.3389225962626583
att_mod_5000,validation,soldier,0.0261886431013836,0.3195923108826665
att_mod_5000,validation,engineer,0.0175478165859685,0.3305378704167464
att_mod_5000,validation,social worker,0.0127133705160197,0.3251839179326506
att_mod_5000,validation,florist,0.0157745253732975,0.311927994055783
att_mod_5000,validation,lawyer,0.0172303146956598,0.3135729604126775
att_mod_5000,validation,journalist,0.0250364042380276,0.3223523146965924
att_mod_5000,test,firefighter,0.023836356752059,0.32491925577907
att_mod_5000,test,mechanic,0.0162705476669704,0.3068764286444467
att_mod_5000,test,makeup artist,0.0107841982560999,0.3426830194452229
att_mod_5000,test,nurse,0.0154949314892292,0.3464757828589748
att_mod_5000,test,artist,0.0138520982992999,0.3177436538698042
att_mod_5000,test,doctor,0.0188688169069149,0.3243790661149165
att_mod_5500,validation,soldier,0.0204462140579434,0.3550517805578077
att_mod_5500,validation,engineer,0.0101428711239029,0.3624427699867417
att_mod_5500,validation,social worker,0.0161540569627986,0.3281894453308162
att_mod_5500,validation,florist,0.0088120577309061,0.313582663259962
att_mod_5500,validation,lawyer,0.0077763603014104,0.3477344828493455
att_mod_5500,validation,journalist,0.0078608119750724,0.3397860121639335
att_mod_5500,test,firefighter,0.0195141043514013,0.3350323448505471
att_mod_5500,test,mechanic,0.0134276455158696,0.3350610365981565
att_mod_5500,test,makeup artist,0.0286949835717678,0.362160718835452
att_mod_5500,test,nurse,0.0192552949575816,0.374605787151
att_mod_5500,test,artist,0.0101141589967643,0.3637455809204017
att_mod_5500,test,doctor,0.0119912920191007,0.3667942401679123
att_mod_6000,validation,soldier,0.0109293876654085,0.3197346095762708
att_mod_6000,validation,engineer,0.0093976576976916,0.3243058356730377
att_mod_6000,validation,social worker,0.0197822586359346,0.302869603585671
att_mod_6000,validation,florist,0.0075155898709507,0.2932761171284844
att_mod_6000,validation,lawyer,0.0083632116370341,0.3205355379511328
att_mod_6000,validation,journalist,0.0081192650558317,0.3165479228996178
att_mod_6000,test,firefighter,0.0083834465373964,0.3097988382420119
att_mod_6000,test,mechanic,0.0099082405076307,0.3018206686658017
att_mod_6000,test,makeup artist,0.035939671427888,0.3522460452993126
att_mod_6000,test,nurse,0.0130782679599874,0.3449053547399885
att_mod_6000,test,artist,0.0084078476271208,0.3308131732046604
att_mod_6000,test,doctor,0.0139478867983116,0.3399276483584852
att_mod_6500,validation,soldier,0.0240625133190084,0.3601507979499943
att_mod_6500,validation,engineer,0.0155947379329625,0.3836678941460216
att_mod_6500,validation,social worker,0.0105554660891785,0.3435436997781781
att_mod_6500,validation,florist,0.0111303121289786,0.3388807105229181
att_mod_6500,validation,lawyer,0.0138428365702138,0.3626469315632301
att_mod_6500,validation,journalist,0.0165139320580398,0.3774167560040951
att_mod_6500,test,firefighter,0.0242502132759374,0.3709301330587443
att_mod_6500,test,mechanic,0.0185009882073192,0.3539814873434165
att_mod_6500,test,makeup artist,0.0169108615202062,0.3797287947553046
att_mod_6500,test,nurse,0.0175726076259332,0.3957069603835835
att_mod_6500,test,artist,0.0108615790000733,0.3681774355251999
att_mod_6500,test,doctor,0.0170317436842357,0.3832269538851345
att_mod_7000,validation,soldier,0.0191869261291097,0.3326775774578838
att_mod_7000,validation,engineer,0.0123924822272623,0.3535206209429923
att_mod_7000,validation,social worker,0.0104384886867859,0.3096511140465736
att_mod_7000,validation,florist,0.0121279603199047,0.303851796533255
att_mod_7000,validation,lawyer,0.0122372838942443,0.3321021731723757
att_mod_7000,validation,journalist,0.0122932105818215,0.3311567786423599
att_mod_7000,test,firefighter,0.0194590459851657,0.340889443150338
att_mod_7000,test,mechanic,0.0152727038983036,0.3363688629777992
att_mod_7000,test,makeup artist,0.0134539816747693,0.3537392377415124
att_mod_7000,test,nurse,0.0131486724404727,0.362908830099246
att_mod_7000,test,artist,0.0126198217930162,0.343703663414892
att_mod_7000,test,doctor,0.0159329567104578,0.3468170270104618
att_mod_7500,validation,soldier,0.0147579673896817,0.3253343572073123
att_mod_7500,validation,engineer,0.01410583231379,0.3454684317111969
att_mod_7500,validation,social worker,0.0240910037913743,0.3191651208874057
att_mod_7500,validation,florist,0.0092940415967913,0.3201780836371815
att_mod_7500,validation,lawyer,0.0104743061477647,0.3319813618984292
att_mod_7500,validation,journalist,0.0116401630289414,0.3295139946481761
att_mod_7500,test,firefighter,0.0100932305350023,0.3272095401497448
att_mod_7500,test,mechanic,0.0121383214478983,0.3368165621205288
att_mod_7500,test,makeup artist,0.0215834657497265,0.3651693592614987
att_mod_7500,test,nurse,0.0167565304128562,0.3472490930820213
att_mod_7500,test,artist,0.0109720708911909,0.3384216935099924
att_mod_7500,test,doctor,0.0150760259917553,0.3487900051781359
att_mod_8000,validation,soldier,0.0145607106387615,0.347791844211957
att_mod_8000,validation,engineer,0.0131096175926573,0.3665460810503539
att_mod_8000,validation,social worker,0.013401869465323,0.3460560142993927
att_mod_8000,validation,florist,0.0086121176752974,0.3248411376467522
att_mod_8000,validation,lawyer,0.0099509878851035,0.3490657579592046
att_mod_8000,validation,journalist,0.0094260779373786,0.3494902941233971
att_mod_8000,test,firefighter,0.0134818988906986,0.3501048150527127
att_mod_8000,test,mechanic,0.0128524523666676,0.3475662361392203
att_mod_8000,test,makeup artist,0.0203193479820209,0.378532812328023
att_mod_8000,test,nurse,0.0145962245981482,0.3722280782154378
att_mod_8000,test,artist,0.0102938039995291,0.3549993069952025
att_mod_8000,test,doctor,0.0111001495491055,0.3621679314357393
att_mod_8500,validation,soldier,0.0163823186474687,0.3552184926674646
att_mod_8500,validation,engineer,0.0148681513965129,0.3796676417045733
att_mod_8500,validation,social worker,0.022743924137424,0.3662114353740917
att_mod_8500,validation,florist,0.0079640042694175,0.3363746301654507
att_mod_8500,validation,lawyer,0.0122071909992133,0.369172468124067
att_mod_8500,validation,journalist,0.0131804198026657,0.3778571951038697
att_mod_8500,test,firefighter,0.0132698219488648,0.3603870239766205
att_mod_8500,test,mechanic,0.0155070567613138,0.3601495900793987
att_mod_8500,test,makeup artist,0.0333591878195019,0.3954098659622319
att_mod_8500,test,nurse,0.0148263751145671,0.3812542726450106
att_mod_8500,test,artist,0.0121929316836244,0.3824953787467059
att_mod_8500,test,doctor,0.0227994661339942,0.3766401338884059
att_mod_9000,validation,soldier,0.0154635818565593,0.3589575961232185
att_mod_9000,validation,engineer,0.0139328070423182,0.377560638329562
att_mod_9000,validation,social worker,0.0116841659388121,0.3588468872887246
att_mod_9000,validation,florist,0.0086216747979907,0.3474068726029466
att_mod_9000,validation,lawyer,0.0120062977075576,0.3602247128591818
att_mod_9000,validation,journalist,0.0112757426412666,0.3610074355760041
att_mod_9000,test,firefighter,0.0162607803940773,0.3669999572722351
att_mod_9000,test,mechanic,0.0160157503012348,0.3634473574073875
att_mod_9000,test,makeup artist,0.0153735350160037,0.3957120605251368
att_mod_9000,test,nurse,0.016171715057948,0.3861927265191779
att_mod_9000,test,artist,0.0109442985233138,0.3739583847277304
att_mod_9000,test,doctor,0.0120079073616686,0.3786163997343358
att_mod_9500,validation,soldier,0.0158053900608245,0.3474110716625171
att_mod_9500,validation,engineer,0.0141695606357911,0.3685446425395853
att_mod_9500,validation,social worker,0.0119645242743632,0.3490359456661869
att_mod_9500,validation,florist,0.0081858668914612,0.3286107253721532
att_mod_9500,validation,lawyer,0.0130389838972512,0.3539578794118236
att_mod_9500,validation,journalist,0.0094145564910243,0.3535565898260649
att_mod_9500,test,firefighter,0.012005085892537,0.3492789132630123
att_mod_9500,test,mechanic,0.0166705269366502,0.3469879192245357
att_mod_9500,test,makeup artist,0.019095014561625,0.3803535730523221
att_mod_9500,test,nurse,0.014197541948627,0.3727671832722776
att_mod_9500,test,artist,0.0101825645303024,0.3635423461742261
att_mod_9500,test,doctor,0.0135075085084227,0.3775896992096129
att_mod_10000,validation,soldier,0.0186369071769363,0.3631024074685924
att_mod_10000,validation,engineer,0.0150480489520465,0.3803863428971347
att_mod_10000,validation,social worker,0.011764697073137,0.3630079116453142
att_mod_10000,validation,florist,0.0095397981212419,0.3460174836218357
att_mod_10000,validation,lawyer,0.0151345686000936,0.3668526695931659
att_mod_10000,validation,journalist,0.0128536316401818,0.3645903336651185
att_mod_10000,test,firefighter,0.0196915662244838,0.3623077346778968
att_mod_10000,test,mechanic,0.0204238297746462,0.3662142760175116
att_mod_10000,test,makeup artist,0.0149604055811377,0.3886964338667252
att_mod_10000,test,nurse,0.0144670016187078,0.3862852153970915
att_mod_10000,test,artist,0.0128290035268839,0.3755014310864841
att_mod_10000,test,doctor,0.0140964593738317,0.3898666940410347
att_mod_10500,validation,soldier,0.0153763413648394,0.3536081584718297
att_mod_10500,validation,engineer,0.0146367297891308,0.3710467182099819
att_mod_10500,validation,social worker,0.0160082819707253,0.3567037924247629
att_mod_10500,validation,florist,0.0083038221825571,0.3448236547410488
att_mod_10500,validation,lawyer,0.0107529821860439,0.3587669864954317
att_mod_10500,validation,journalist,0.0104150375460877,0.362124640494585
att_mod_10500,test,firefighter,0.0118099552962709,0.3546607122920892
att_mod_10500,test,mechanic,0.0156491473317146,0.3551876777235199
att_mod_10500,test,makeup artist,0.0217690040521761,0.3961380796835703
att_mod_10500,test,nurse,0.0178477860548917,0.3799528378774138
att_mod_10500,test,artist,0.009938320473713,0.3690104968845844
att_mod_10500,test,doctor,0.0172154496916953,0.3815365726237787
att_mod_11000,validation,soldier,0.0158835223273319,0.3462188534219475
att_mod_11000,validation,engineer,0.0135007064570398,0.3639093635275083
att_mod_11000,validation,social worker,0.0117362877901862,0.3497405047802364
att_mod_11000,validation,florist,0.007945519817226,0.3322751348947777
att_mod_11000,validation,lawyer,0.0122508108615875,0.3483353748041041
att_mod_11000,validation,journalist,0.0090032445595544,0.3517532267552964
att_mod_11000,test,firefighter,0.0134270382935509,0.3456071576870539
att_mod_11000,test,mechanic,0.0172329234945423,0.3512214719153502
att_mod_11000,test,makeup artist,0.0181654841803452,0.3755421142148621
att_mod_11000,test,nurse,0.0143573823220589,0.370450513327823
att_mod_11000,test,artist,0.009249592638191,0.3619353384436929
att_mod_11000,test,doctor,0.0128256736651939,0.3719381772200851
att_mod_11272,validation,soldier,0.0158176336656598,0.3394779812763719
att_mod_11272,validation,engineer,0.0135266524465645,0.3566612660446587
att_mod_11272,validation,social worker,0.0113178539802046,0.3425082332071136
att_mod_11272,validation,florist,0.0080724731087684,0.3278407995753428
att_mod_11272,validation,lawyer,0.0127150201622177,0.3404987914597286
att_mod_11272,validation,journalist,0.0089864408706917,0.3437185666578657
att_mod_11272,test,firefighter,0.0134595840731087,0.3398286240065799
att_mod_11272,test,mechanic,0.0173182073323165,0.3444328617085428
att_mod_11272,test,makeup artist,0.0172985340742503,0.3693778155481114
att_mod_11272,test,nurse,0.0139518745024414,0.3642945126356447
att_mod_11272,test,artist,0.0095923145246856,0.3533089427167878
att_mod_11272,test,doctor,0.012360241044970119,0.36342713938039894
